{
  "field": {
    "precision": 0.8936170212765957,
    "recall": 1.0,
    "f1-score": 0.9438202247191011,
    "support": 42,
    "confused_with": {}
  },
  "sale_order_id": {
    "precision": 1.0,
    "recall": 1.0,
    "f1-score": 1.0,
    "support": 14,
    "confused_with": {}
  },
  "action_request_id": {
    "precision": 1.0,
    "recall": 1.0,
    "f1-score": 1.0,
    "support": 19,
    "confused_with": {}
  },
  "contact_type": {
    "precision": 1.0,
    "recall": 0.9411764705882353,
    "f1-score": 0.9696969696969697,
    "support": 17,
    "confused_with": {}
  },
  "customer_id": {
    "precision": 1.0,
    "recall": 1.0,
    "f1-score": 1.0,
    "support": 43,
    "confused_with": {}
  },
  "number": {
    "precision": 1.0,
    "recall": 1.0,
    "f1-score": 1.0,
    "support": 13,
    "confused_with": {}
  },
  "micro avg": {
    "precision": 0.9671052631578947,
    "recall": 0.9932432432432432,
    "f1-score": 0.98,
    "support": 148
  },
  "macro avg": {
    "precision": 0.9822695035460992,
    "recall": 0.9901960784313726,
    "f1-score": 0.9855861990693452,
    "support": 148
  },
  "weighted avg": {
    "precision": 0.9698102357676827,
    "recall": 0.9932432432432432,
    "f1-score": 0.9805763373179102,
    "support": 148
  }
}